<?xml version="1.0" encoding="UTF-8"?>
<!DOCTYPE mapper PUBLIC "-//mybatis.org//DTD Mapper 3.0//EN" "http://mybatis.org/dtd/mybatis-3-mapper.dtd">
<mapper namespace="kr.or.ddit.mapper.StudMapper">

	<!-- StudVO[studId=a005,studNm=개똥이,studPw=java, enabled=null
		, studDet=상세정보, hobby=[sports,movie], hobbyVOList=null
		, gender=female] -->
	<insert id="createRegister" parameterType="studVO">
		INSERT INTO STUD(STUD_ID, STUD_NM, STUD_PW
		<if test="studDet!=null and studDet!=''">
		, STUD_DET
		</if>
		<if test="gender!=null and gender!=''">
		, GENDER
		</if>
		<if test="nationality!=null and nationality!=''">
		, NATIONALITY
		</if>
		)
		VALUES(#{studId},#{studNm},#{studPw}
		<if test="studDet!=null and studDet!=''">
		,#{studDet}
		</if>
		<if test="gender!=null and gender!=''">
		,#{gender}
		</if>
		<if test="nationality!=null and nationality!=''">
		,#{nationality}
		</if>
		)
	</insert>

	<resultMap type="studVO" id="studMap">
		<result property="studId"  column="STUD_ID" />  
		<result property="studNm"  column="STUD_NM" />  
		<result property="studPw"  column="STUD_PW" />  
		<result property="enabled" column="ENABLED" />  
		<collection property="studAuthVOList" resultMap="studAuthMap"></collection>
	</resultMap>
	
	<resultMap type="studAuthVO" id="studAuthMap">
		<result property="studId" column="STUD_ID" />
		<result property="auth" column="AUTH" />
	</resultMap>

	<!-- 학생 상세 -->
	<select id="detail" parameterType="String" resultMap="studMap">
		SELECT A.STUD_ID, A.STUD_NM, A.STUD_PW, A.ENABLED
		      , B.AUTH
		FROM   STUD A, STUD_AUTH B
		WHERE  A.STUD_ID = B.STUD_ID
		AND    A.ENABLED = '1'
		AND    A.STUD_ID = #{username}
	</select>
	
	<!-- 학생 수정
	{studId=a001,studNm=개똥이2,studPw=java2}
	 -->
	<update id="createModify" parameterType="studVO">
		UPDATE STUD
		SET    STUD_NM = #{studNm}
		     , STUD_PW = #{studPw}
		WHERE  STUD_ID = #{studId}
	</update>	
	
	<!-- 학생 삭제 -->
	<delete id="createDelete" parameterType="String">
		DELETE FROM STUD
		WHERE  STUD_ID = #{studId}
	</delete>
	
	<!-- 학생 목록 
	map : null 또는 map : {"keyword":""} 또는 map : {"keyword":"신용"}
	
	휴..낮엔더워 => () > NOT > AND > OR
	-->
	<select id="list" parameterType="hashMap" resultType="studVO">
		SELECT ROW_NUMBER() OVER(ORDER BY STUD_ID ASC) RNUM
		      , STUD_ID, STUD_NM, STUD_PW, ENABLED 
		FROM   STUD
		WHERE  1 = 1
		<if test="keyword!=null and keyword!=''">
			AND (
					STUD_ID LIKE '%' || #{keyword} || '%'
				OR	STUD_NM LIKE '%' || #{keyword} || '%'
			)
		</if>
	</select>
	
	<!-- HOBBY 테이블에 insert 
	hobbyVO[studId=a005,hobby=sports]
	-->
	<insert id="insertHobby" parameterType="hobbyVO">
		INSERT INTO HOBBY(STUD_ID, HOBBY)
		VALUES(#{studId},#{hobby})
	</insert>
</mapper>


